{"cameraMode":{"drawMode":0,"name":"Shaded","section":"Shading Mode"},"sceneLighting":false,"audioPlay":false,"sceneViewState":{"m_AlwaysRefresh":false,"showFog":true,"showSkybox":false,"showFlares":true,"showImageEffects":true,"showParticleSystems":true,"showVisualEffectGraphs":true,"m_FxEnabled":true},"in2DMode":false,"pivot":{"x":-0.6064590215682983,"y":-3.4242160320281984,"z":-0.33617186546325686},"rotation":{"x":0.23475606739521027,"y":0.016038134694099428,"z":-0.0038735968992114069,"w":0.9719163775444031},"size":6.266026496887207,"orthographic":false}