{"cameraMode":{"drawMode":0,"name":"Shaded","section":"Shading Mode"},"sceneLighting":true,"audioPlay":false,"sceneViewState":{"m_AlwaysRefresh":false,"showFog":true,"showSkybox":true,"showFlares":true,"showImageEffects":true,"showParticleSystems":true,"showVisualEffectGraphs":true,"m_FxEnabled":true},"in2DMode":false,"pivot":{"x":35.78025817871094,"y":13.81584644317627,"z":12.805438995361329},"rotation":{"x":0.07625424116849899,"y":0.3608728349208832,"z":-0.029627300798892976,"w":0.9290371537208557},"size":29.851621627807618,"orthographic":false}