{"cameraMode":{"drawMode":0,"name":"Shaded","section":"Shading Mode"},"sceneLighting":true,"audioPlay":false,"sceneViewState":{"m_AlwaysRefresh":false,"showFog":true,"showSkybox":false,"showFlares":true,"showImageEffects":true,"showParticleSystems":true,"showVisualEffectGraphs":true,"m_FxEnabled":true},"in2DMode":false,"pivot":{"x":239.97470092773438,"y":-10.144493103027344,"z":69.78213500976563},"rotation":{"x":-0.014556333422660828,"y":-0.9816959500312805,"z":0.17043404281139375,"w":-0.0838475376367569},"size":160.64987182617188,"orthographic":false}